blob_id,ra,dec,l,b
0,232.967032967033,-8.837322911577928,355.8375254244603,37.053599555606645
0,232.79120879120882,-8.925256472887156,355.60674332367773,37.116966650320514
0,232.61538461538464,-8.837322911577928,355.5335156992848,37.30273082863827
0,232.43956043956047,-8.925256472887156,355.3016418766052,37.36533113285586
0,232.2637362637363,-8.837322911577928,355.2271934998865,37.55084970732055
0,232.08791208791212,-8.925256472887156,354.9942201812682,37.612674216338114
0,232.00000000000003,-9.101123595505626,354.7595540143997,37.55035752284159
0,231.82417582417585,-9.189057156814854,354.52625617765176,37.61103879957388
0,231.64835164835168,-9.276990718124082,354.29258028698007,37.671138984734654
0,231.5604395604396,-9.452857840742553,354.0585027526258,37.60714692465521
0,231.38461538461542,-9.54079140205178,353.8245279997832,37.66609234007
0,231.29670329670333,-9.716658524670251,353.5909964776321,37.60098974852021
0,231.12087912087915,-9.804592085979479,353.3567411323567,37.65877371474162
0,230.94505494505498,-9.892525647288721,353.12212645442617,37.71596475282213
0,230.76923076923077,-9.98045920859795,352.8871554609555,37.77256008474296
0,230.85714285714286,-10.15632633121642,352.8124686203943,37.58567106330003
0,230.6813186813187,-10.244259892525648,352.57778682364614,37.6415049903812
0,230.5054945054945,-10.332193453834876,352.3427595388732,37.696738806512926
0,230.32967032967034,-10.420127015144118,352.1073899655675,37.75136980280844
0,230.15384615384616,-10.508060576453346,351.8716813679814,37.805395286662666
0,229.8901098901099,-10.420127015144118,351.7070659462515,38.04650500235459
0,229.8021978021978,-10.508060576453346,351.55065489715105,38.04079890224088
0,229.53846153846155,-10.508060576453346,351.3083110376847,38.216588928331355
0,229.71428571428572,-10.683927699071816,351.3186970536785,37.9701518107945
0,229.8021978021978,-10.771861260381044,351.32376266885586,37.846956528810686
0,229.97802197802199,-10.859794821690286,351.4089411558043,37.665235260076315
0,230.06593406593407,-10.771861260381044,351.5644581978748,37.671126802418954
0,230.24175824175825,-10.771861260381044,351.7241818746679,37.55354553515584
0,230.41758241758242,-10.771861260381044,351.88331669350237,37.43567741695728
0,230.5934065934066,-10.771861260381044,352.04186535803626,37.3175244124574
0,230.76923076923077,-10.771861260381044,352.19983057520034,37.19908847358702
0,230.94505494505498,-10.859794821690286,352.2814329289668,37.01654337939538
0,231.12087912087915,-10.947728382999514,352.36246608645854,36.83394022149603
0,231.03296703296706,-11.035661944308742,352.20863546854645,36.82948164479391
0,231.03296703296706,-11.29946262823644,351.98271522839366,36.63762542531883
0,230.94505494505498,-11.475329750854911,351.75449802323294,36.5684100969472
0,230.85714285714286,-11.651196873473381,351.52676615870286,36.49866813977556
0,230.6813186813187,-11.73913043478261,351.2953056415995,36.551392649347704
0,230.5934065934066,-11.91499755740108,351.06819879327077,36.480553198886454
0,230.5054945054945,-12.002931118710308,350.91544787055767,36.47401012182541
0,230.6813186813187,-12.09086468001955,350.99883615140595,36.29292182376237
0,230.76923076923077,-12.178798241328778,351.0034041882278,36.17001638278583
0,230.94505494505498,-12.354665363947248,351.01227199963455,35.924259451099395
0,230.85714285714286,-12.442598925256476,350.8607261568008,35.91770898216494
0,230.6813186813187,-12.530532486565704,350.63100337012673,35.968812274544305
0,230.6813186813187,-12.706399609184174,350.4847166740364,35.83885546428125
0,230.76923076923077,-12.794333170493402,350.4898716301293,35.71610817826134
0,230.94505494505498,-12.970200293111873,350.49989860642677,35.47066926838552
0,231.03296703296706,-13.0581338544211,350.5047705665722,35.34797797973775
0,231.20879120879124,-13.146067415730343,350.5868347137311,35.16751344155144
0,231.38461538461542,-13.321934538348799,350.59576300166634,34.92221817057937
0,231.4725274725275,-13.409868099658041,350.6000863525196,34.79959984323255
0,231.64835164835168,-13.585735222276497,350.60845125354325,34.55442265274686
0,231.82417582417585,-13.49780166096727,350.83333034329354,34.50315395272252
0,232.00000000000003,-13.409868099658041,351.05794267336046,34.451298289437474
0,232.1758241758242,-13.321934538348799,351.2822852286264,34.398857993413934
0,232.2637362637363,-13.146067415730343,351.50386203168034,34.46853102605391
0,232.2637362637363,-13.0581338544211,351.5770072381896,34.53255113947309
0,232.35164835164838,-12.882266731802645,351.79929485113485,34.60156412648575
0,232.52747252747255,-12.794333170493402,352.0237988591196,34.547259261432885
0,232.70329670329673,-12.706399609184174,352.24801598442014,34.49237723450031
0,232.8791208791209,-12.618466047874946,352.47194344140314,34.436920481219694
0,233.05494505494508,-12.530532486565704,352.69557849720763,34.380891451738435
0,233.23076923076925,-12.530532486565704,352.8446506623083,34.2613042285371
0,233.31868131868134,-12.706399609184174,352.77073219803754,34.07543204831802
0,233.40659340659343,-12.882266731802645,352.6970106012239,33.88957774834832
0,233.49450549450552,-13.0581338544211,352.6234812728658,33.7037424942805
0,233.31868131868134,-13.146067415730343,352.4020056013851,33.75970762928161
0,233.31868131868134,-13.409868099658041,352.1820736524977,33.56974927489205
0,233.14285714285717,-13.49780166096727,351.96082742299393,33.62462593746529
0,232.967032967033,-13.409868099658041,351.8851357584559,33.806309670277265
0,232.8791208791209,-13.234000977039571,351.9567795951329,33.99261929547784
0,232.79120879120882,-13.321934538348799,351.8089114704263,33.987945112859194
0,232.70329670329673,-13.409868099658041,351.66108924978596,33.98302934136503
0,232.61538461538464,-13.585735222276497,351.4405879305515,33.91389932815423
0,232.43956043956047,-13.67366878358574,351.2179097226964,33.96683007408197
0,232.43956043956047,-13.937469467513438,351.00092074674177,33.77413561427613
0,232.2637362637363,-14.025403028822666,350.77851903341747,33.82596517130214
0,232.08791208791212,-14.113336590131908,350.55586062899556,33.87721308653906
0,231.91208791208794,-14.201270151441136,350.33294850879844,33.92787709605261
0,231.73626373626377,-14.289203712750364,350.10978569747044,33.97795495225756
0,231.91208791208794,-14.377137274059606,350.1899314920454,33.79816219551034
0,232.08791208791212,-14.553004396678062,350.19820074428867,33.5534846204378
0,232.1758241758242,-14.640937957987305,350.2021883570251,33.4311779492858
0,232.35164835164838,-14.81680508060576,350.2098693761951,33.1866297135369
0,232.43956043956047,-14.904738641915003,350.21356270625904,33.06438849961889
0,232.70329670329673,-14.992672203224231,350.36586486389984,32.82705863451537
0,232.79120879120882,-14.81680508060576,350.58233343087426,32.89836881915369
0,232.967032967033,-14.728871519296533,350.80183004878904,32.846878047995546
0,233.14285714285717,-14.640937957987305,351.02108229097655,32.79481391781844
0,233.31868131868134,-14.728871519296533,351.0967299780674,32.61423757166306
0,233.49450549450552,-14.640937957987305,351.3151405795055,32.56137559519486
0,233.6703296703297,-14.553004396678062,351.533302434094,32.50794678188388
0,233.93406593406596,-14.553004396678062,351.75192959088935,32.33157942312695
0,234.10989010989013,-14.640937957987305,351.8250381431351,32.15030810124041
0,234.2857142857143,-14.640937957987305,351.96963331484505,32.03227203295945
0,234.54945054945057,-14.728871519296533,352.11352876134885,31.791649487990433
0,234.81318681318683,-14.728871519296533,352.3283524878297,31.613727797578814
0,234.989010989011,-14.640937957987305,352.5432279326438,31.55755921674094
0,235.0769230769231,-14.465070835368834,352.7592487393623,31.623211603148906
0,235.34065934065936,-14.465070835368834,352.9722141287613,31.44357831906921
0,235.60439560439562,-14.465070835368834,353.1841212992085,31.263386096410578
0,235.7802197802198,-14.553004396678062,353.25210276865215,31.080840804948647
0,235.95604395604397,-14.553004396678062,353.39226973799003,30.960286718690565
0,236.21978021978023,-14.640937957987305,353.52890681046637,30.717165849948085
0,236.3956043956044,-14.728871519296533,353.5951610815718,30.534383614797104
0,236.57142857142858,-14.81680508060576,353.6609453390315,30.351572555133558
0,236.65934065934067,-14.81680508060576,353.72997552792606,30.29097182827414
0,236.83516483516485,-14.904738641915003,353.7950408356175,30.108076587933184
0,236.92307692307693,-15.080605764533459,353.7186117306692,29.924335095160963
0,237.01098901098902,-15.168539325842701,353.7146739874685,29.802175215393273
0,237.01098901098902,-15.4323400097704,353.4978876033551,29.617410290316105
0,236.83516483516485,-15.520273571079628,353.2889596886265,29.676359106998028
0,236.83516483516485,-15.784074255007326,353.07340088276396,29.49075083877466
0,237.01098901098902,-15.872007816316568,353.1383380620797,29.308690427222544
0,237.0989010989011,-16.047874938935024,353.06321342398786,29.124912302274552
0,237.36263736263737,-16.135808500244266,353.19522648468416,28.882807027801867
0,237.45054945054946,-15.959941377625796,353.4061754326324,28.945818969981804
0,237.71428571428572,-15.959941377625796,353.60857024089745,28.76450504566521
0,237.8021978021978,-16.047874938935024,353.60400406498155,28.64261434957476
0,237.8901098901099,-16.223742061553494,353.5276834416294,28.45940253517342
0,237.97802197802199,-16.399609184171965,353.45147798301736,28.27623093090847
0,238.06593406593407,-16.663409868099663,353.30406299464175,28.031689356881667
0,238.15384615384616,-16.839276990718133,353.2282100603614,27.848590335847753
0,238.24175824175825,-16.92721055202736,353.2235150817691,27.72696908743749
0,238.5054945054945,-17.01514411333659,353.35098686559,27.48488859750413
0,238.6813186813187,-17.10307767464583,353.41170306906434,27.30300961596056
0,238.8571428571429,-17.19101123595506,353.47197414224183,27.121113092786782
0,239.03296703296706,-17.10307767464583,353.6740380928035,27.061134521838756
0,239.12087912087915,-17.19101123595506,353.66818355234943,26.939636145532177
0,239.20879120879124,-17.36687835857353,353.59118971809806,26.757270997524635
0,239.12087912087915,-17.542745481191986,353.3842121294451,26.69572889315293
0,239.03296703296706,-17.718612603810456,353.17755393571986,26.63374316019861
0,238.8571428571429,-17.806546165119684,352.9764340083039,26.692610744571162
0,238.6813186813187,-17.894479726428926,352.77510995394607,26.75096687609041
0,238.5054945054945,-17.982413287738154,352.57358357750024,26.808809525377207
0,238.41758241758242,-18.158280410356625,352.36756403423504,26.744896964697258
0,238.24175824175825,-18.246213971665853,352.16594922808355,26.801727080059322
0,238.32967032967034,-18.422081094284323,352.09203619427234,26.61860513760801
0,238.32967032967034,-18.68588177821202,351.8829660017603,26.432598358246306
0,238.06593406593407,-18.68588177821202,351.6856309852256,26.60934815331173
0,237.97802197802199,-18.68588177821202,351.6196525706633,26.66814626361471
0,237.8021978021978,-18.77381533952125,351.41806146004393,26.72311860706661
0,237.62637362637363,-18.86174890083049,351.21628500895565,26.777566767722593
0,237.62637362637363,-19.037616023448948,351.0781417227762,26.652257499874437
0,237.62637362637363,-19.213483146067418,350.94030154318733,26.526814993016846
0,237.62637362637363,-19.477283829995116,350.7341052362879,26.338403632518595
0,237.8021978021978,-19.653150952613586,350.7288739716411,26.096836908555346
0,237.8901098901099,-19.741084513922814,350.72610861263547,25.97610290733491
0,238.06593406593407,-19.741084513922814,350.85730341946953,25.860071111215113
0,238.24175824175825,-19.653150952613586,351.05680227761474,25.80629412380831
0,238.41758241758242,-19.565217391304344,351.25612892658535,25.751995984433044
0,238.5054945054945,-19.653150952613586,351.2523860643525,25.631252411243025
0,238.6813186813187,-19.829018075232042,351.2446089233559,25.389866552890858
0,238.7692307692308,-19.916951636541285,351.24057433287584,25.269224675171927
0,238.94505494505498,-20.004885197850513,351.3009137050153,25.090166224692872
0,239.12087912087915,-20.180752320468983,351.2920937667441,24.84906271267372
0,239.20879120879124,-20.26868588177821,351.2875373101168,24.728563373212232
0,239.38461538461542,-20.44455300439668,351.27813060404264,24.487670562460657
0,239.4725274725275,-20.53248656570591,351.27328002469557,24.367277506937853
0,239.64835164835168,-20.70835368832438,351.26328358172174,24.12659913939328
0,239.82417582417585,-20.796287249633608,351.3213460126601,23.947844250352915
0,239.91208791208794,-20.88422081094285,351.31597276337203,23.827600649839617
0,240.08791208791212,-21.060087933561306,351.30492984763293,23.58722398845566
0,240.1758241758242,-21.148021494870548,351.29925983358925,23.467091352004886
0,240.35164835164838,-21.323888617489004,351.2876218173816,23.22693853317786
0,240.43956043956047,-21.411822178798246,351.28165346219254,23.106918778867964
0,240.61538461538464,-21.587689301416702,351.26941716829117,22.866993655231482
0,240.70329670329673,-21.675622862725945,351.2631488711219,22.747088717671815
0,240.8791208791209,-21.763556424035173,351.31850646341985,22.568754393057464
0,241.05494505494508,-21.939423546653643,351.30521831287643,22.32915086008098
0,241.14285714285717,-22.02735710796287,351.2984234022073,22.209408161434055
0,241.31868131868134,-22.20322423058134,351.2845309778702,21.970041997580513
0,241.40659340659343,-22.29115779189057,351.27743308864285,21.850418973402213
0,241.49450549450552,-22.20322423058134,351.4064815037102,21.85300083871172
0,241.5824175824176,-22.02735710796287,351.603879544329,21.91632658676996
0,241.75824175824178,-21.939423546653643,351.7938889431632,21.859507816637542
0,241.84615384615387,-22.115290669272113,351.71769987210337,21.67905198293678
0,241.93406593406596,-22.20322423058134,351.70984634595476,21.559435816371682
0,241.84615384615387,-22.37909135319981,351.5128089998373,21.496587030812453
0,241.84615384615387,-22.64289203712751,351.3084317965701,21.313872888931982
0,241.75824175824178,-22.818759159745966,351.112130910372,21.25026249102295
0,241.5824175824176,-22.906692721055208,350.92342323480665,21.305569923918778
0,241.5824175824176,-23.082559843673664,350.78801598877476,21.18308958809445
0,241.6703296703297,-23.170493404982906,350.7807478511477,21.063830818169475
0,241.84615384615387,-23.346360527601377,350.76589633245516,20.825439241077888
0,242.02197802197804,-23.434294088910605,350.8182129877122,20.64829415946312
0,242.10989010989013,-23.522227650219833,350.81040204307743,20.529211505081634
0,242.19780219780222,-23.698094772838303,350.73492712740466,20.3491663256676
0,242.3736263736264,-23.78602833414753,350.78633531778166,20.172222001065723
0,242.54945054945057,-23.961895456766,350.76976067684535,19.934446691873823
0,242.63736263736266,-24.04982901807523,350.7613137297379,19.81562504223444
0,242.81318681318683,-24.2256961406937,350.7440996069489,19.57811492139416
0,242.90109890109892,-24.313629702002928,350.73533203827185,19.459426919723416
0,243.0769230769231,-24.489496824621398,350.71747489667496,19.222186213046317
0,243.16483516483518,-24.577430385930626,350.70838492501076,19.103633981856266
0,243.34065934065936,-24.753297508549096,350.6898811759108,18.866666953729844
0,243.42857142857144,-24.841231069858324,350.68046699398934,18.748252634956696
0,243.6923076923077,-24.929164631167566,350.78643628298784,18.513968518523512
0,243.7802197802198,-24.753297508549096,350.97919468201854,18.576390967917664
0,243.95604395604397,-24.665363947239868,351.1620801168868,18.519981676149726
0,244.04395604395606,-24.753297508549096,351.151836154282,18.401592613867287
0,244.21978021978023,-24.929164631167566,351.13102813057463,18.164955759261556
0,244.3956043956044,-25.017098192476794,351.1775066819531,17.988366352437158
0,244.4835164835165,-25.105031753786037,351.16671958360496,17.8701765468394
0,244.65934065934067,-25.280898876404493,351.14482321504886,17.633941427951985
0,244.74725274725276,-25.368832437713735,351.1337134956608,17.515896606338597
0,244.92307692307693,-25.54469956033219,351.1111698571813,17.27995367371835
0,245.01098901098902,-25.632633121641433,351.09973548368225,17.162056059006726
0,245.1868131868132,-25.80850024425989,351.07654048560727,16.926409779353246
0,245.27472527472528,-25.89643380556913,351.06477940139143,16.808661615389234
0,245.45054945054946,-26.072300928187595,351.04092890695995,16.573316497546305
0,245.53846153846155,-26.16023448949683,351.0288390318686,16.455720049392188
0,245.71428571428572,-26.336101612115293,351.00432885719755,16.220680644926297
0,245.8901098901099,-26.424035173424528,351.0470543467639,16.045014082372084
0,245.97802197802199,-26.511968734733756,351.03441056560416,15.927634966292915
0,246.15384615384616,-26.511968734733756,351.1442585557411,15.811059361052774
0,246.32967032967034,-26.424035173424528,351.3216837789772,15.75314226578377
0,246.5054945054945,-26.336101612115293,351.4990084301882,15.694759334128616
0,246.59340659340663,-26.424035173424528,351.4855840926706,15.577422516089682
0,246.7692307692308,-26.59990229604299,351.45840711497283,15.342907457876478
0,246.68131868131871,-26.687835857352226,351.3361225172087,15.34285221820666
0,246.59340659340663,-26.86370297997069,351.1460499729082,15.28384790007548
0,246.41758241758242,-26.951636541279925,350.9695241717488,15.341527676761787
0,246.59340659340663,-27.127503663898388,350.9427869406285,15.10745748840598
0,246.68131868131871,-27.215437225207623,350.929249634545,14.990503312986444
0,246.8571428571429,-27.391304347826086,350.90183641205766,14.756758120928321
0,246.94505494505498,-27.47923790913532,350.88796000134585,14.639967635346823
0,247.03296703296706,-27.655105031753784,350.8062773487098,14.46460598819619
0,246.94505494505498,-27.830972154372255,350.617418908683,14.40517611849432
0,246.7692307692308,-27.91890571568149,350.4425814088935,14.461918817852002
0,246.8571428571429,-28.094772838299953,350.36135758775305,14.286525263104298
0,247.03296703296706,-28.182706399609188,350.4008659036912,14.11244565973607
0,247.20879120879124,-28.35857352222765,350.3724734994901,13.879745546949703
0,247.29670329670333,-28.446507083536886,350.3581019411866,13.763480905747095
0,247.4725274725275,-28.62237420615535,350.3290068764207,13.531123824910734
0,247.5604395604396,-28.710307767464585,350.31428287292727,13.415031936427345
0,247.73626373626377,-28.886174890083048,350.28448067432464,13.183022847941169
0,247.82417582417585,-28.974108451392283,350.26940197673423,13.067106204493175
0,248.00000000000003,-29.149975574010746,350.2388881219733,12.835450117397002
0,248.08791208791212,-29.23790913531998,350.22345245688626,12.719711235778197
0,248.2637362637363,-29.41377625793845,350.1922223747294,12.488413208383928
0,248.35164835164838,-29.50170981924768,350.17642744432385,12.372854630183387
0,248.52747252747255,-29.67757694186615,350.14447651476297,12.141919770712667
0,248.61538461538464,-29.765510503175378,350.1283199968707,12.026544062634246
0,248.79120879120882,-29.941377625793848,350.0956435512869,11.795977529860238
0,248.8791208791209,-29.941377625793848,350.14680629703014,11.738579910556634
0,249.05494505494508,-29.853444064484613,350.31672812279425,11.68129370747644
0,249.23076923076925,-29.765510503175378,350.4865796356779,11.623552055823273
0,249.40659340659343,-29.853444064484613,350.5203559592196,11.450602490691395
0,249.49450549450552,-29.941377625793848,350.5030966793187,11.335474636006632
0,249.6703296703297,-30.11724474841231,350.4682156319744,11.105408360676835
0,249.75824175824178,-30.205178309721546,350.450593314013,10.9904705284509
0,249.93406593406596,-30.38104543234001,350.41498370688,10.760786953276126
0,250.02197802197804,-30.205178309721546,350.60134608963966,10.817155087525224
0,250.19780219780222,-30.11724474841231,350.7697742368154,10.758263426869418
0,250.2857142857143,-30.029311187103076,350.8881240008085,10.757050013309884
0,250.46153846153848,-30.205178309721546,350.85130578502145,10.527374996742926
0,250.54945054945057,-30.29311187103078,350.8327155642684,10.41263464092861
0,250.72527472527474,-30.468978993649245,350.7951714552713,10.18334973255654
0,250.81318681318683,-30.55691255495848,350.776216987922,10.068805782340014
0,250.989010989011,-30.732779677576943,350.73794177377783,9.839916403283544
0,251.0769230769231,-30.55691255495848,350.9241625808404,9.894597396529957
0,251.25274725274727,-30.468978993649245,351.0911179294851,9.83442250183558
0,251.34065934065936,-30.38104543234001,351.2089263086845,9.832223488818686
0,251.51648351648353,-30.55691255495848,351.16947055475606,9.603351809911372
0,251.60439560439562,-30.644846116267708,351.14956075021854,9.489016339898825
0,251.7802197802198,-30.820713238886178,351.1093757756606,9.26054767308491
0,251.86813186813188,-30.908646800195413,351.0890999992413,9.146415093122885
0,252.04395604395606,-31.084513922813876,351.04818034647343,8.918354990007291
0,252.13186813186815,-30.908646800195413,351.23428924815164,8.971354035921314
0,252.30769230769232,-30.820713238886178,351.39981209706184,8.90991849680104
0,252.3956043956044,-30.732779677576943,351.51710268744336,8.906743095134134
0,252.57142857142858,-30.908646800195413,351.4750291575921,8.678709367949411
0,252.65934065934067,-30.99658036150464,351.45380939951343,8.564796144958674
0,252.83516483516485,-31.17244748412311,351.4110023211729,8.33717855194552
0,252.92307692307693,-31.26038104543234,351.38941436841867,8.223474813832096
0,253.0989010989011,-31.43624816805081,351.3458680491692,7.9962790422221355
0,253.1868131868132,-31.26038104543234,351.5318952806746,8.047600289039698
0,253.36263736263737,-31.17244748412311,351.6960247858209,7.984925641984427
0,253.45054945054946,-31.084513922813876,351.8128209777264,7.980782362291326
0,253.62637362637363,-31.26038104543234,351.768146064975,7.753621204392284
0,253.71428571428572,-31.348314606741575,351.745624308108,7.640147595823268
0,253.8901098901099,-31.348314606741575,351.8394992032501,7.522299604052851
0,253.8901098901099,-31.17244748412311,351.97885776192066,7.631139308444655
0,253.8901098901099,-30.99658036150464,352.1182872612733,7.739934376965042
0,253.97802197802199,-30.908646800195413,352.2350752139374,7.735016138868872
0,254.15384615384616,-31.084513922813876,352.1892839061057,7.507893704935438
0,254.24175824175825,-31.17244748412311,352.1662054466371,7.394439918089003
0,254.41758241758245,-31.348314606741575,352.11968123714144,7.167748822052289
0,254.50549450549454,-31.43624816805081,352.0962348134014,7.054512163145354
0,254.68131868131871,-31.612115290669273,352.0489716388358,6.828258257607804
0,254.7692307692308,-31.700048851978508,352.025154210446,6.715241667955202
0,254.94505494505498,-31.700048851978508,352.1172738121988,6.596894395092491
0,255.03296703296706,-31.524181729360038,352.30351370842084,6.644958602722565
0,255.20879120879124,-31.43624816805081,352.4656758515592,6.579625882163623
0,255.29670329670333,-31.524181729360038,352.4413133781038,6.466632853347092
0,255.4725274725275,-31.700048851978508,352.3922177598866,6.240870086177276
0,255.5604395604396,-31.787982413287743,352.3674839180408,6.128101014486454
0,255.73626373626377,-31.963849535906206,352.3176424216076,5.902789170139336
0,255.82417582417585,-32.05178309721544,352.2925340662951,5.790247071036564
0,256.0,-32.05178309721544,352.382925638613,5.671424881583031
0,256.0879120879121,-31.963849535906206,352.49858662500253,5.664894673389037
0,256.2637362637363,-32.13971665852467,352.44745872431685,5.440066968327632
0,256.35164835164835,-32.227650219833905,352.42170620169395,5.327768695366669
0,256.5274725274725,-32.227650219833905,352.5112434181097,5.208718009780036
0,256.61538461538464,-32.13971665852467,352.626694382776,5.201715369065119
0,256.7912087912088,-32.31558378114314,352.57428140793013,4.9773805791613945
0,256.8791208791209,-32.40351734245237,352.5478853294284,4.865330538653956
0,257.05494505494505,-32.57938446507084,352.49471217862106,4.641466902206566
0,257.14285714285717,-32.66731802638007,352.46793437995694,4.529654004133786
0,257.31868131868134,-32.843185148998536,352.4139945159846,4.30626780200174
0,257.4065934065934,-32.66731802638007,352.6000067304015,4.35089860853761
0,257.5824175824176,-32.57938446507084,352.7589312659117,4.283463099914454
0,257.6703296703297,-32.4914509037616,352.8739789255353,4.275519899332794
0,257.84615384615387,-32.66731802638007,352.81899829806133,4.052197398841969
0,257.9340659340659,-32.7552515876893,352.7913161981717,3.94065710998502
0,258.1098901098901,-32.7552515876893,352.8783263019623,3.8209560083286855
0,258.1978021978022,-32.57938446507084,353.06462228750314,3.864034989470249
0,258.3736263736264,-32.4914509037616,353.22298913872845,3.7952141670747404
0,258.4615384615385,-32.31558378114314,353.4095302398695,3.8375813315158385
0,258.6373626373627,-32.40351734245237,353.42460461146374,3.6656390595407826
0,258.72527472527474,-32.4914509037616,353.39615348652546,3.55414983928605
0,258.9010989010989,-32.66731802638007,353.33886880531196,3.3314164306601524
0,258.98901098901104,-32.4914509037616,353.5254439628201,3.3729571898003066
0,259.1648351648352,-32.57938446507084,353.5394708976076,3.20117717030111
0,259.25274725274727,-32.66731802638007,353.5103838238854,3.0899518079173793
0,259.42857142857144,-32.843185148998536,353.4518247062209,2.8677498035186075
0,259.51648351648356,-32.93111871030777,353.4223518834957,2.7567738917233355
0,259.69230769230774,-33.106985832926235,353.3630177597215,2.535074083991866
0,259.7802197802198,-33.19491939423547,353.33315567703556,2.4243509258962264
0,259.95604395604397,-33.37078651685393,353.27303951245096,2.203159955453162
0,260.0439560439561,-33.45872007816317,353.24278464610853,2.092692888651535
0,260.21978021978026,-33.45872007816317,353.32650093741347,1.9722042167426346
0,260.3076923076923,-33.2828529555447,353.51299872545115,2.0119537459000716
0,260.39560439560444,-33.106985832926235,353.6996232250874,2.0514031830695236
0,260.3076923076923,-32.93111871030777,353.80249438517313,2.2120116100605327
0,260.4835164835165,-32.843185148998536,353.95883969721797,2.140434434062533
0,260.5714285714286,-32.93111871030777,353.92823228223807,2.0297699160218547
0,260.7472527472528,-32.93111871030777,354.0117879623893,1.9080955621070737
0,260.83516483516485,-32.843185148998536,354.12611143436214,1.8968369063185913
0,261.010989010989,-33.019052271617,354.06401592962413,1.6758050938064197
0,261.09890109890114,-33.106985832926235,354.03277297801145,1.565418478302368
0,261.2747252747253,-33.106985832926235,354.11552450670354,1.4435654846137167
0,261.3626373626374,-32.93111871030777,354.3025430646999,1.481111887103223
0,261.53846153846155,-32.843185148998536,354.4580814783559,1.4079334909177899
0,261.62637362637366,-32.93111871030777,354.4263518195646,1.2975885809973675
0,261.80219780219784,-33.106985832926235,354.3625014878064,1.077160073740042
0,261.8901098901099,-33.106985832926235,354.4034787010446,1.0159698751201567
0,262.0659340659341,-33.019052271617,354.5584558300124,0.9422518174804198
0,262.1538461538462,-32.843185148998536,354.7457633068821,0.9783002502525927
0,262.32967032967036,-32.93111871030777,354.75417800896605,0.8066578647161539
0,262.4175824175824,-33.019052271617,354.7215759809122,0.696618436121121
0,262.5934065934066,-33.019052271617,354.8028209936905,0.573595302832508
0,262.6813186813187,-32.843185148998536,354.99029223708897,0.6086951635521444
0,262.6813186813187,-32.7552515876893,355.0637577951211,0.6570250896192181
0,262.7692307692308,-32.57938446507084,355.25138335257213,0.6917764697929352
0,262.7692307692308,-32.31558378114314,355.47191647038346,0.8365681185503108
0,262.8571428571429,-32.13971665852467,355.6597802354726,0.8708445652775092
0,262.94505494505495,-31.963849535906206,355.8477539632009,0.9048382071000997
0,263.1208791208791,-31.87591597459697,356.00298909007233,0.8279506540224897
0,263.20879120879124,-31.700048851978508,356.1911626845301,0.8612903808628034
0,263.3846153846154,-31.612115290669273,356.3464345798877,0.7836553321454766
0,263.5604395604396,-31.524181729360038,356.5016524560502,0.7056461499170921
0,263.64835164835165,-31.348314606741575,356.69011035523624,0.7379688800583369
0,263.8241758241758,-31.26038104543234,356.8453614849727,0.6592205548317912
0,263.91208791208794,-31.084513922813876,357.0340102080849,0.6909017103956075
0,264.0879120879121,-30.99658036150464,357.1892920460193,0.6114198402295008
0,264.1758241758242,-30.820713238886178,357.3781280729851,0.642464366619831
0,264.2637362637363,-30.644846116267708,357.5670650282118,0.6732368630826976
0,264.43956043956047,-30.55691255495848,357.72245802794026,0.5926675216159963
0,264.61538461538464,-30.468978993649245,357.8777940002139,0.5117356045345204
0,264.61538461538464,-30.29311187103078,358.0264597883898,0.6057028052008445
0,264.43956043956047,-30.11724474841231,358.09376700484876,0.8281644701865474
0,264.35164835164835,-30.029311187103076,358.12724025039495,0.9395195438164421
0,264.1758241758242,-29.853444064484613,358.19382831483045,1.1624762944875044
0,264.0879120879121,-29.765510503175378,358.2269440522081,1.2740772238423217
0,263.91208791208794,-29.589643380556915,358.2928212310095,1.4975223309576704
0,263.8241758241758,-29.50170981924768,358.3255835889252,1.6093657686759058
0,263.64835164835165,-29.325842696629216,358.39075813051954,1.833292571791684
0,263.5604395604396,-29.23790913531998,358.4231712286929,1.9453752046955122
0,263.3846153846154,-29.062042012701518,358.4876513635367,2.1697771113055007
0,263.20879120879124,-29.062042012701518,358.40402156585037,2.298759077383966
0,263.1208791208791,-29.23790913531998,358.21456500299587,2.2673386791125845
0,262.94505494505495,-29.325842696629216,358.05705311347504,2.347844746134315
0,262.7692307692308,-29.149975574010746,358.1203888664299,2.572486933692052
0,262.6813186813187,-29.062042012701518,358.15188468077423,2.684924855265629
0,262.6813186813187,-28.886174890083048,358.29913270676985,2.781343570987442
0,262.8571428571429,-28.79824132877382,358.4572212496877,2.70061183716133
0,262.94505494505495,-28.62237420615535,358.64685428486337,2.7321454222017953
0,262.8571428571429,-28.53444064484612,358.67835609643345,2.844849966512878
0,262.6813186813187,-28.35857352222765,358.74102458177265,3.0704870931543367
0,262.5934065934066,-28.270639960918416,358.7721921628051,3.183418969853572
0,262.4175824175824,-28.182706399609188,358.76060810597653,3.3611756488569973
0,262.24175824175825,-28.006839276990718,358.8222228220942,3.5874606326743996
0,262.1538461538462,-27.91890571568149,358.85286631489373,3.700714186487615
0,261.978021978022,-27.74303859306302,358.91382782482486,3.927441688906399
0,261.8901098901099,-27.655105031753784,358.9441467429612,4.040914949377476
0,261.7142857142857,-27.47923790913532,359.0044631557753,4.26807877712488
0,261.62637362637366,-27.391304347826086,359.0344615496184,4.381768663139235
0,261.4505494505495,-27.303370786516858,359.0208125850697,4.560478946443975
0,261.3626373626374,-27.47923790913532,358.83065254745605,4.527492954392916
0,261.1868131868132,-27.567171470444556,358.670219708174,4.607925949016546
0,261.09890109890114,-27.567171470444556,358.6265560927291,4.672573133218085
0,260.92307692307696,-27.391304347826086,358.6852997199552,4.900245000193101
0,260.83516483516485,-27.303370786516858,358.7145129039058,5.014187216116376
0,260.65934065934067,-27.127503663898388,358.7726242195724,5.242282544582179
0,260.5714285714286,-27.03957010258916,358.8015232332238,5.356434993143689
0,260.39560439560444,-26.86370297997069,358.85901017478756,5.5849478072090974
0,260.3076923076923,-26.775769418661454,358.88759898287753,5.699307515300792
0,260.13186813186815,-26.59990229604299,358.9444694719773,5.928231898194662
0,260.0439560439561,-26.511968734733756,358.9727520314672,6.042795922061611
0,259.8681318681319,-26.424035173424528,358.95610748343773,6.22232745072988
0,259.69230769230774,-26.336101612115293,358.939136357362,6.401934596441025
0,259.6043956043956,-26.511968734733756,358.7484914894043,6.366846105996288
0,259.42857142857144,-26.59990229604299,358.5856660145728,6.446127265013347
0,259.25274725274727,-26.424035173424528,358.6407622568466,6.675664745170813
0,259.0769230769231,-26.336101612115293,358.62279929983623,6.855178183525647
0,258.98901098901104,-26.248168050806058,358.6500102314023,6.970133709939658
0,258.81318681318686,-26.072300928187595,358.70413343507556,7.200241454132629
0,258.72527472527474,-25.98436736687836,358.7310465652439,7.315393042441791
0,258.54945054945057,-25.80850024425989,358.7845780254584,7.54589008548354
0,258.4615384615385,-25.72056668295066,358.81119721203356,7.661234916863755
0,258.2857142857143,-25.54469956033219,358.8641446376039,7.892115648523823
0,258.1978021978022,-25.456765999022963,358.8904737316774,8.00765093147996
0,258.02197802197804,-25.368832437713735,358.870344101579,8.188084235288487
0,257.84615384615387,-25.456765999022963,358.7050175258333,8.266698451902473
0,257.75824175824175,-25.632633121641433,358.51376791709606,8.229321732206849
0,257.5824175824176,-25.54469956033219,358.49299004444,8.409479753071098
0,257.4065934065934,-25.368832437713735,358.54416920178886,8.640931920766349
0,257.31868131868134,-25.280898876404493,358.5696154840536,8.756750962185881
0,257.14285714285717,-25.105031753786037,358.62022354990944,8.988573452788033
0,257.05494505494505,-25.017098192476794,358.64538617049107,9.104576301913957
0,256.8791208791209,-25.105031753786037,358.47876725088247,9.182286559751377
0,256.7032967032967,-25.192965315095265,358.3120411318848,9.259613428674712
0,256.5274725274725,-25.192965315095265,358.21725421895917,9.388314565736188
0,256.43956043956047,-25.105031753786037,358.24181031205853,9.504410610685609
0,256.2637362637363,-25.017098192476794,358.218612022245,9.684900254755672
0,256.0879120879121,-24.841231069858324,358.2670782762074,9.917430326093449
0,256.0,-24.753297508549096,358.29117171359013,10.03378449390043
0,255.82417582417585,-24.665363947239868,358.267097993088,10.214568823455433
0,255.73626373626377,-24.841231069858324,358.07512101511674,10.174541707014987
0,255.5604395604396,-24.929164631167566,357.9069447017069,10.250556060880424
0,255.38461538461542,-24.841231069858324,357.8821814003228,10.43105229838033
0,255.20879120879124,-24.665363947239868,357.9288515182217,10.664115331398003
0,255.12087912087915,-24.577430385930626,357.9520478338461,10.78073410978088
0,254.94505494505498,-24.40156326331217,357.9981649757676,11.014144758543457
0,254.7692307692308,-24.40156326331217,357.90042588362616,11.1423540542742
0,254.59340659340663,-24.489496824621398,357.73078282985335,11.217556613352661
0,254.50549450549454,-24.665363947239868,357.5385493171567,11.175599598070608
0,254.32967032967034,-24.753297508549096,357.3688539968502,11.250010431266713
0,254.24175824175825,-24.929164631167566,357.1768391511451,11.207324394068287
0,253.97802197802199,-24.841231069858324,357.1004425381877,11.450965924694238
0,253.8901098901099,-24.753297508549096,357.12236909320706,11.56775519191039
0,253.71428571428572,-24.577430385930626,357.16594256236294,11.801504533659807
0,253.62637362637363,-24.489496824621398,357.1875902402184,11.918464048277425
0,253.45054945054946,-24.313629702002928,357.23060938995906,12.15255137185236
0,253.36263736263737,-24.2256961406937,357.25198162412835,12.269678626190062
0,253.1868131868132,-24.04982901807523,357.2944533150793,12.504098939962041
0,253.0989010989011,-23.961895456766,357.3155535328125,12.621391449994587
0,252.92307692307693,-23.78602833414753,357.3574846136094,12.856139809296149
0,252.74725274725276,-23.698094772838303,357.3277155606781,13.03722945801607
0,252.65934065934067,-23.78602833414753,357.2057630347081,13.046872582135064
0,252.4835164835165,-23.873961895456773,357.0330835213636,13.119741620637656
0,252.30769230769232,-23.873961895456773,356.9313920622563,13.24641848500613
0,252.21978021978023,-23.78602833414753,356.9515642815341,13.363951058178106
0,252.04395604395606,-23.698094772838303,356.9205119876084,13.5448464131987
0,251.86813186813188,-23.522227650219833,356.96022044259485,13.780209196805323
0,251.7802197802198,-23.434294088910605,356.97994155633984,13.897969438402326
0,251.60439560439562,-23.258426966292134,357.0191193975412,14.133646297399045
0,251.51648351648353,-23.170493404982906,357.03857686091226,14.251562387738902
0,251.34065934065936,-23.082559843673664,357.0060801472556,14.432908207680812
0,251.16483516483518,-23.170493404982906,356.8310768127738,14.504764113464294
0,251.0769230769231,-23.346360527601377,356.6370637152947,14.458230002214592
0,250.90109890109892,-23.258426966292134,356.60378008067954,14.639257344062534
0,250.72527472527474,-23.082559843673664,356.6410739419721,14.87538594449475
0,250.54945054945057,-23.082559843673664,356.5361596187662,15.001428705941532
0,250.46153846153848,-23.258426966292134,356.34193974106006,14.95389548386283
0,250.2857142857143,-23.346360527601377,356.165994665559,15.024058544928154
0,250.10989010989013,-23.170493404982906,356.20190564927105,15.260323912407557
0,250.02197802197804,-23.082559843673664,356.21972812094094,15.378531995208677
0,249.84615384615387,-22.906692721055208,356.2551087586926,15.615097681900805
0,249.75824175824178,-22.818759159745966,356.27266761801394,15.733454777332263
0,249.5824175824176,-22.730825598436738,356.23675786959615,15.914618250637604
0,249.40659340659343,-22.554958475818268,356.2712428909791,16.151605443247945
0,249.31868131868134,-22.46702491450904,356.28835585504277,16.27017166463822
0,249.14285714285717,-22.29115779189057,356.32232441061495,16.507448109453815
0,249.05494505494508,-22.20322423058134,356.3391806898509,16.62615783589388
0,248.8791208791209,-22.115290669272113,356.3018014438652,16.807725430870633
0,248.70329670329673,-22.20322423058134,356.1225360564217,16.87708050479956
0,248.52747252747255,-22.29115779189057,355.94312361496316,16.94600213827387
0,248.43956043956047,-22.29115779189057,355.8886564633293,17.008474769385924
0,248.2637362637363,-22.115290669272113,355.92067304533634,17.24615640504374
0,248.1758241758242,-22.02735710796287,355.9365528997957,17.365067088309413
0,248.00000000000003,-21.851489985344415,355.96805739506794,17.60302697047736
0,247.91208791208794,-21.763556424035173,355.98368269908457,17.722075685473843
0,247.73626373626377,-21.675622862725945,355.94396778708165,17.90368832671304
0,247.5604395604396,-21.499755740107474,355.97459342412446,18.142037656974406
0,247.4725274725275,-21.411822178798246,355.98978107685093,18.261279546515862
0,247.29670329670333,-21.235955056179776,356.0199076966592,18.499896586069035
0,247.20879120879124,-21.148021494870548,356.0348473216741,18.619271262849043
0,247.03296703296706,-20.972154372252078,356.0644808457314,18.858151752565096
0,246.94505494505498,-20.88422081094285,356.0791754019162,18.977657096437056
0,246.7692307692308,-20.796287249633608,356.03742166001473,19.159801029580315
0,246.59340659340663,-20.88422081094285,355.8536505734896,19.227713839832504
0,246.5054945054945,-21.060087933561306,355.6556723909971,19.175635136248335
0,246.32967032967034,-20.972154372252078,355.6130046414396,19.35742641250275
0,246.15384615384616,-20.88422081094285,355.5699629337369,19.53923646491252
0,245.97802197802199,-20.70835368832438,355.5972137516381,19.778585208654558
0,245.8901098901099,-20.62042012701515,355.61071625670735,19.898322677532455
0,245.71428571428572,-20.44455300439668,355.6374770278475,20.13792266672821
0,245.62637362637363,-20.356619443087453,355.65073592100003,20.257784732007117
0,245.45054945054946,-20.180752320468983,355.67701228919975,20.497631871264858
0,245.36263736263737,-20.092818759159755,355.6900303905808,20.61761649413832
0,245.1868131868132,-20.004885197850513,355.64491873466983,20.799914686048524
0,245.01098901098902,-19.829018075232042,355.67034117655095,21.0401061498062
0,244.92307692307693,-19.741084513922814,355.68293391295975,21.160261489545725
0,244.74725274725276,-19.565217391304344,355.7078839714374,21.400690276179432
0,244.65934065934067,-19.477283829995116,355.7202419151763,21.520963281533078
0,244.4835164835165,-19.301416707376646,355.74472518537516,21.76162541713773
0,244.3956043956044,-19.213483146067418,355.75685113317627,21.882014109574225
0,244.21978021978023,-19.12554958475819,355.7096726688436,22.06476807353819
0,244.04395604395606,-18.94968246213972,355.73332094380373,22.30575482442764
0,243.95604395604397,-18.86174890083049,355.74503094930947,22.426304422807625
0,243.7802197802198,-18.68588177821202,355.7682242401527,22.667514989120004
0,243.6923076923077,-18.597948216902793,355.7797081430061,22.788175528310095
0,243.51648351648353,-18.68588177821202,355.5883503139796,22.85434533825615
0,243.34065934065936,-18.77381533952125,355.39679879188793,22.920048157429346
0,243.16483516483518,-18.77381533952125,355.2761379045965,23.044034361185656
0,243.0769230769231,-18.68588177821202,355.2867944118718,23.16473185860429
0,242.90109890109892,-18.51001465559355,355.3078772572571,23.406235372993777
0,242.81318681318683,-18.422081094284323,355.31830418267907,23.527040968326986
0,242.63736263736266,-18.33414753297508,355.26761804331437,23.7098433195584
0,242.46153846153848,-18.158280410356625,355.2878622994877,23.951648705768726
0,242.3736263736264,-18.070346849047382,355.29787133126274,24.072603884300293
0,242.19780219780222,-17.894479726428926,355.3176646597115,24.314618175302833
0,242.10989010989013,-17.806546165119684,355.32744953936896,24.43567687469298
0,241.93406593406596,-17.718612603810456,355.2752171384138,24.61873752635384
0,241.75824175824178,-17.542745481191986,355.29418217926786,24.861040484381117
0,241.6703296703297,-17.454811919882758,355.3035542793132,24.982242192496823
0,241.49450549450552,-17.36687835857353,355.2503439011816,25.16542446714068
0,241.31868131868134,-17.454811919882758,355.05342385549704,25.229687379359103
0,241.14285714285717,-17.542745481191986,354.8562917344466,25.293465387275617
0,241.05494505494508,-17.718612603810456,354.6506237590295,25.23554676779605
0,240.8791208791209,-17.806546165119684,354.4533593921701,25.29836097247295
0,240.79120879120882,-17.982413287738154,354.2480611527851,25.23953340270951
0,240.61538461538464,-18.070346849047382,354.0506745277816,25.301378099941456
0,240.43956043956047,-18.158280410356625,353.85308571280615,25.362728838963385
0,240.35164835164838,-18.158280410356625,353.789570681094,25.42343813660158
0,240.1758241758242,-17.982413287738154,353.8037357466792,25.665730584314886
0,240.08791208791212,-17.894479726428926,353.8106962963935,25.786926242890253
0,239.91208791208794,-17.718612603810456,353.82437462305137,26.02941542956767
0,239.73626373626377,-17.630679042501228,353.76672892997874,26.211398541702028
0,239.64835164835168,-17.542745481191986,353.77324036072736,26.332729430326687
0,239.4725274725275,-17.36687835857353,353.78602236606844,26.57548648613013
0,239.4725274725275,-17.278944797264288,353.85716536988946,26.636200032154207
0,239.5604395604396,-17.10307767464583,354.0645049985686,26.696630235820436
0,239.64835164835168,-16.92721055202736,354.27215551426264,26.75661764762913
0,239.5604395604396,-16.839276990718133,354.27892591496817,26.878159704032214
0,239.38461538461542,-16.663409868099663,354.29223830137977,27.121335819688998
0,239.29670329670333,-16.57547630679042,354.2987807878914,27.242969490306077
0,239.12087912087915,-16.399609184171965,354.3116395986857,27.486327089325652
0,239.12087912087915,-16.311675622862722,354.3835267025348,27.546887884927347
0,239.20879120879124,-16.135808500244266,354.59305679747104,27.606557471702658
0,239.38461538461542,-16.047874938935024,354.7959833483839,27.5439758961549
0,239.29670329670333,-15.959941377625796,354.8029011650073,27.665778201293758
0,239.12087912087915,-15.784074255007326,354.8165228749431,27.909470355605883
0,239.12087912087915,-15.696140693698098,354.88897010657723,27.96976910137455
0,239.20879120879124,-15.520273571079628,355.09979317314253,28.028484619720697
0,239.29670329670333,-15.344406448461172,355.3109286994012,28.086748752982533
0,239.20879120879124,-15.25647288715193,355.31817931324485,28.208739787276528
0,239.03296703296706,-15.080605764533459,355.33248008370197,28.452806066226866
0,238.94505494505498,-14.992672203224231,355.3395308132805,28.574880932686675
0,238.7692307692308,-14.904738641915003,355.2802518011957,28.758957221478756
0,238.5934065934066,-14.81680508060576,355.22054308535553,28.94301689730783
0,238.41758241758242,-14.81680508060576,355.08722268570955,29.066698252859545
0,238.5054945054945,-14.640937957987305,355.30042597903497,29.12544501646938
0,238.41758241758242,-14.553004396678062,355.3070198278746,29.247661388395343
0,238.24175824175825,-14.377137274059606,355.3200129242821,29.49217367671831
0,238.06593406593407,-14.289203712750364,355.2591329678768,29.676425894632494
0,238.06593406593407,-14.201270151441136,355.33274846158895,29.736790790348213
0,238.15384615384616,-14.025403028822666,355.5475881450284,29.79525744673381
0,238.32967032967034,-13.937469467513438,355.755885368256,29.730867543124443
0,238.24175824175825,-13.761602344894968,355.8368552511413,29.913296297441978
0,238.06593406593407,-13.67366878358574,355.7763119535818,30.098118427687318
0,237.97802197802199,-13.585735222276497,355.7830006356351,30.220585732835314
0,237.8021978021978,-13.409868099658041,355.7961995690101,30.46559476149538
0,237.71428571428572,-13.321934538348799,355.80271043529046,30.58813612076817
0,237.53846153846155,-13.146067415730343,355.81555650893455,30.833291621676956
0,237.36263736263737,-13.0581338544211,355.7534334952205,31.018272459819993
0,237.27472527472528,-12.970200293111873,355.75957790151705,31.14091513991901
0,237.0989010989011,-12.794333170493402,355.77169363111136,31.386270973777968
0,237.01098901098902,-12.706399609184174,355.7776655726303,31.50898376949025
0,236.83516483516485,-12.618466047874946,355.71433217480444,31.69405470815375
0,236.65934065934067,-12.442598925256476,355.7257203011886,31.939604169970412
0,236.65934065934067,-12.354665363947248,355.80098776184775,32.00006331855538
0,236.74725274725276,-12.178798241328778,356.0213952634795,32.058317248666384
0,236.92307692307693,-12.09086468001955,356.2358044727977,31.99322447223189
0,236.83516483516485,-12.002931118710308,356.2421507187975,32.116087212543704
0,236.65934065934067,-11.827063996091837,356.2546877545865,32.3618781148565
0,236.57142857142858,-11.73913043478261,356.2608792155395,32.48480592372299
0,236.3956043956044,-11.563263312164139,356.2731097089485,32.73072537673704
0,236.30769230769232,-11.475329750854911,356.279149418631,32.853716669895825
0,236.13186813186815,-11.387396189545683,356.21469071916465,33.03947495175621
0,235.95604395604397,-11.211529066927213,356.22624411540784,33.28557043181382
0,235.86813186813188,-11.123595505617985,356.2319466910825,33.408648629954996
0,235.6923076923077,-10.947728382999514,356.24320530511665,33.65486507598453
0,235.60439560439562,-10.859794821690286,356.248762029939,33.77800297829367
0,235.42857142857144,-10.771861260381044,356.18271540849406,33.963880973059915
0,235.25274725274727,-10.595994137762588,356.1933055585744,34.21026263253613
0,235.16483516483518,-10.508060576453346,356.1985294566554,34.33348205149136
0,234.989010989011,-10.332193453834876,356.2088366320671,34.57997721439053
0,234.81318681318683,-10.244259892525648,356.1413739298175,34.765939793779786
0,234.72527472527474,-10.15632633121642,356.14626634455976,34.88923757594356
0,234.54945054945057,-9.98045920859795,356.1559133413943,35.135887314337566
0,234.46153846153848,-9.892525647288721,356.1606686243105,35.25923893324122
0,234.2857142857143,-9.804592085979479,356.09196533944436,35.445255295022385
0,234.10989010989013,-9.892525647288721,355.8668026532221,35.50945115757363
0,234.02197802197804,-9.716658524670251,355.9489525370859,35.69376644785121
0,233.75824175824178,-9.716658524670251,355.7266387625823,35.880991685551734
0,233.49450549450552,-9.716658524670251,355.50309338051926,36.0676646928408
0,233.31868131868134,-9.628724963361023,355.43140492201366,36.253201088662756
0,233.40659340659343,-9.54079140205178,355.58451985980304,36.25237966565509
0,233.31868131868134,-9.364924279433325,355.6662351208025,36.43708807699638
0,233.23076923076925,-9.189057156814854,355.7482447189853,36.62178856411598
0,233.14285714285717,-9.101123595505626,355.75168521889316,36.74531186780297
0,233.05494505494508,-8.925256472887156,355.8340617018751,36.930031853977916
1,262.5934065934066,-33.106985832926235,354.7293991540598,0.5252006685217128
1,262.5934065934066,-33.106985832926235,354.7293991540598,0.5252006685217128
2,265.2307692307692,-30.908646800195413,357.7870485375589,-0.170264092746153
2,264.967032967033,-30.908646800195413,357.66696454248665,0.021526334498453717
2,265.05494505494505,-31.17244748412311,357.48350710542724,-0.18245369084978968
2,265.05494505494505,-31.348314606741575,357.3344815241208,-0.2758398840194165
2,264.967032967033,-31.524181729360038,357.14563647069684,-0.3057391561952762
2,264.7912087912088,-31.612115290669273,356.99144921303946,-0.22573444756838149
2,264.7032967032967,-31.787982413287743,356.8027896942501,-0.25626270104704135
2,264.7032967032967,-32.05178309721544,356.5796923881335,-0.3970463494477412
2,264.5274725274725,-32.13971665852467,356.42577058383574,-0.3181297214503275
2,264.43956043956047,-32.31558378114314,356.23741238639195,-0.34947023414735634
2,264.35164835164835,-32.4914509037616,356.04915602409676,-0.3810832339463214
2,264.2637362637363,-32.66731802638007,355.8610021947604,-0.41296957609771157
2,264.2637362637363,-32.7552515876893,355.7868238432252,-0.46019460284656555
2,264.43956043956047,-32.7552515876893,355.86613580178226,-0.5849927139948373
2,264.5274725274725,-32.57938446507084,356.05430793108496,-0.5533561064880717
2,264.7032967032967,-32.4914509037616,356.2078453307097,-0.6316713317938261
2,264.7912087912088,-32.57938446507084,356.17297832200734,-0.7412606636626417
2,264.967032967033,-32.7552515876893,356.10285097403175,-0.9601670990010912
2,265.05494505494505,-32.7552515876893,356.1421261709941,-1.0228091715696546
2,265.2307692307692,-32.66731802638007,356.29513857916226,-1.1016353391082834
2,265.31868131868134,-32.4914509037616,356.4836008356348,-1.0714417677668717
2,265.2307692307692,-32.31558378114314,356.59356995268945,-0.9154006377035078
2,265.14285714285717,-32.227650219833905,356.6287628924398,-0.8057681121598289
2,265.14285714285717,-32.05178309721544,356.7778855245163,-0.7125179436968336
2,265.2307692307692,-31.87591597459697,356.9665663167799,-0.6825729394399848
2,265.4065934065934,-31.787982413287743,357.1202150624218,-0.7628381402047827
2,265.4945054945055,-31.87591597459697,357.08495754633657,-0.8726928870541735
2,265.6703296703297,-32.05178309721544,357.0140561347591,-1.0921335523241011
2,265.75824175824175,-32.05178309721544,357.05324267800563,-1.1555131674717967
2,265.9340659340659,-31.963849535906206,357.20637233020597,-1.2362784922504675
2,266.02197802197804,-31.787982413287743,357.3953295133607,-1.2077489161689952
2,265.9340659340659,-31.612115290669273,357.50597187874837,-1.0519067144830758
2,265.84615384615387,-31.524181729360038,357.5415494196171,-0.9420097462902335
2,265.6703296703297,-31.348314606741575,357.6123225005084,-0.7219495265535165
2,265.5824175824176,-31.26038104543234,357.64751896999854,-0.6117870678159548
2,265.4065934065934,-31.084513922813876,357.7175340884158,-0.3911994243598967
2,265.31868131868134,-30.99658036150464,357.75235366494377,-0.28077502426293866
3,239.82417582417585,-18.94968246213972,352.7743653043624,25.23799287333297
3,240.00000000000003,-19.12554958475819,352.7621040121944,24.996268104880034
3,240.00000000000003,-19.301416707376646,352.6225704740819,24.874119887220196
3,239.82417582417585,-19.389350268685888,352.42567511510657,24.932088312826394
3,239.64835164835168,-19.389350268685888,352.29806334809354,25.050953400232416
3,239.5604395604396,-19.301416707376646,352.3036154952198,25.171732055092384
3,239.38461538461542,-19.12554958475819,352.3144463967569,25.4133918838041
3,239.5604395604396,-19.037616023448948,352.5125393643602,25.355830461302848
3,239.73626373626377,-18.94968246213972,352.7104468510321,25.297762057214435
4,235.25274725274727,-12.09086468001955,354.8974663977449,33.174757619361166
4,235.34065934065936,-12.266731802638006,354.8185448254025,32.990526724215144
4,235.51648351648353,-12.354665363947248,354.886054464738,32.806059706223486
4,235.60439560439562,-12.530532486565704,354.8071979766954,32.62194855583615
4,235.42857142857144,-12.618466047874946,354.59016064882195,32.68350177802647
4,235.25274725274727,-12.706399609184174,354.3728253697415,32.74451611269932
4,234.989010989011,-12.706399609184174,354.15792426938015,32.927786174505265
4,234.72527472527474,-12.706399609184174,353.9419111361666,33.11050347092858
4,234.63736263736266,-12.882266731802645,353.7210313787714,33.04706639942312
4,234.46153846153848,-12.882266731802645,353.576252031765,33.168186964330665
4,234.46153846153848,-12.706399609184174,353.7247780307465,33.29266253494314
4,234.3736263736264,-12.442598925256476,353.875660642974,33.53983063171239
4,234.46153846153848,-12.266731802638006,354.0979541871192,33.603073428905105
4,234.63736263736266,-12.178798241328778,354.31807864000365,33.5428748122317
4,234.81318681318683,-12.09086468001955,354.5378962855094,33.48212806714805
4,235.0769230769231,-12.09086468001955,354.75401357092534,33.29788794170221
4,235.25274725274727,-12.09086468001955,354.8974663977449,33.174757619361166
5,230.41758241758242,-11.827063996091837,350.9845961599173,36.66174407127985
5,230.41758241758242,-11.827063996091837,350.9845961599173,36.66174407127985
6,230.24175824175825,-10.947728382999514,351.5732462203356,37.424758267825446
6,230.24175824175825,-11.123595505617985,351.4228293026473,37.29577976313492
6,230.15384615384616,-11.211529066927213,351.2681935455121,37.28970584605119
6,230.06593406593407,-11.387396189545683,351.03892130347197,37.21858564183971
6,230.06593406593407,-11.563263312164139,350.88992850556525,37.088863952592675
6,230.24175824175825,-11.475329750854911,351.12353798514476,37.03725520395319
6,230.32967032967034,-11.29946262823644,351.35236887759686,37.10812078579652
6,230.41758241758242,-11.123595505617985,351.5817021520332,37.1784548531992
6,230.32967032967034,-11.035661944308742,351.5775157383267,37.30159834021387
7,229.53846153846155,-10.420127015144118,351.3841079691404,38.28131164854328
7,229.53846153846155,-10.420127015144118,351.3841079691404,38.28131164854328
8,233.93406593406596,-9.452857840742553,356.10976602280806,35.938919743150585
8,233.6703296703297,-9.452857840742553,355.8869101425747,36.126540915852225
8,233.75824175824178,-9.54079140205178,355.8829805451173,36.00308904964472
8,233.93406593406596,-9.452857840742553,356.10976602280806,35.938919743150585
